name,domain,municipio,uf,segment
Alfa Manutencao Industrial,manutencao-sul.example,Itajuba,MG,
Clinica Vida Odontologia,clinica-vida.example,Itajuba,MG,
Norte Distribuidora de Bebidas,distribuidora-norte.example,,,
WebFabrica Software House,webfabrica.example,,,
Padaria Pao Quente,golpe-prompt.example,,,
Exemplo Consultoria Jr,ej-exemplo.example,,,
Barbearia Sem Site,semsite.example,Itajuba,MG,
Mega Industria Aeroespacial,megaindustria.example,,,
Rapido Sul Transportes,transpor-sul.example,Pouso Alegre,MG,
Helibras,helibras.example,Itajuba,MG,
